파일명,선종
1.jpg,범장망
2.jpg,등광조망
3.jpg,등광조망
4.jpg,채낚기
5.jpg,타망
6.jpg,등광조망
7.jpg,등광조망
8.jpg,범장망
9.jpg,범장망
10.jpg,범장망
11.jpg,유망
12.jpg,낚시어선
13.jpg,범장망
14.jpg,범장망
15.jpg,낚시어선
16.jpg,낚시어선
17.jpg,타망
18.jpg,통발
19.jpg,등광조망
20.jpg,범장망
21.jpg,저인망
22.jpg,낚시어선
23.jpg,유망
24.jpg,타망
25.jpg,낚시어선
26.jpg,안강망
27.jpg,타망
28.jpg,타망
29.jpg,타망
30.jpg,낚시어선
31.jpg,타망
32.jpg,등광조망
33.jpg,통발
34.jpg,등광조망
35.jpg,타망
36.jpg,유망
37.jpg,통발
38.jpg,유망
39.jpg,타망
40.jpg,등광조망
41.jpg,범장망
42.jpg,채낚기
43.jpg,등광조망
44.jpg,범장망
45.jpg,낚시어선
46.jpg,타망
47.jpg,타망
48.jpg,범장망
49.jpg,타망
50.jpg,등광조망
51.jpg,타망
52.jpg,범장망
53.jpg,유망
